{
  "vlm_clean": {
    "intent": 0.8488372093023255,
    "email": 0.8918918918918919,
    "doc": 0.7227272727272728,
    "mismatch_f1": 0.5789473684210527,
    "mismatch_precision": 0.4230769230769231,
    "mismatch_recall": 0.9166666666666666
  },
  "vlm_augmented_medium": {
    "text": {
      "intent": 0.8372093023255814,
      "email": 0.9009009009009009,
      "doc": 0.7272727272727273,
      "mismatch_f1": 0.47619047619047616,
      "mismatch_precision": 0.3333333333333333,
      "mismatch_recall": 0.8333333333333334
    },
    "image": {
      "intent": 0.8488372093023255,
      "email": 0.8918918918918919,
      "doc": 0.7181818181818181,
      "mismatch_f1": 0.5641025641025641,
      "mismatch_precision": 0.4074074074074074,
      "mismatch_recall": 0.9166666666666666
    },
    "mixed": {
      "intent": 0.8488372093023255,
      "email": 0.8918918918918919,
      "doc": 0.7136363636363636,
      "mismatch_f1": 0.5238095238095238,
      "mismatch_precision": 0.36666666666666664,
      "mismatch_recall": 0.9166666666666666
    }
  }
}